missing_rate,unconstrained_acc_mean,unconstrained_acc_std,constrained_acc_mean,constrained_acc_std,unconstrained_recall_mean,unconstrained_recall_std,constrained_recall_mean,constrained_recall_std
0.0,0.6649746192893401,0.0,0.6675126903553299,0.0,0.325,0.0,0.325,0.0
0.05,0.6624365482233502,0.0032104341727597677,0.6644670050761421,0.0029598740582970854,0.31375,0.01211919964354082,0.3225,0.006373774391990982
0.1,0.6573604060913706,0.0057876925131935915,0.6629441624365482,0.0049215023933160615,0.315,0.012869537676233745,0.31875,0.01723006094011277
0.15,0.6548223350253807,0.00642086834551958,0.6593908629441625,0.004366662572102854,0.30374999999999996,0.018791620472966133,0.3125,0.015309310892394868
0.2,0.6598984771573604,0.00424700521083287,0.665989847715736,0.0034428070980331315,0.30874999999999997,0.014031215200402283,0.31500000000000006,0.006373774391990976
0.3,0.6634517766497463,0.005697955411330871,0.6685279187817259,0.0034428070980331185,0.30125,0.014999999999999986,0.31,0.02150581316760657
0.5,0.6680203045685279,0.011282289731417703,0.667005076142132,0.0080900393149793,0.30125,0.01600781059358213,0.3,0.003952847075210477
