missing_rate,unconstrained_acc_mean,unconstrained_acc_std,constrained_acc_mean,constrained_acc_std,unconstrained_recall_mean,unconstrained_recall_std,constrained_recall_mean,constrained_recall_std
0.0,0.6649746192893401,0.0,0.6675126903553299,0.0,0.325,0.0,0.325,0.0
0.05,0.6624365482233502,0.0057876925131935915,0.6634517766497462,0.005226208193394397,0.30874999999999997,0.014031215200402283,0.3175,0.009185586535436911
0.1,0.6578680203045686,0.007425755755496309,0.6588832487309644,0.004123877362759388,0.3125,0.008838834764831844,0.30999999999999994,0.01837117307087383
0.15,0.6614213197969543,0.005226208193394428,0.6654822335025381,0.007425755755496338,0.305,0.012747548783981972,0.31250000000000006,0.012499999999999989
0.2,0.6639593908629442,0.00843312067301326,0.6649746192893401,0.008494010421665768,0.3075,0.02417384950726714,0.30874999999999997,0.020386883037875114
0.3,0.6649746192893401,0.00424700521083287,0.6675126903553299,0.00424700521083287,0.30125,0.007288689868556625,0.30874999999999997,0.011592023119369627
0.5,0.667005076142132,0.008402510333627848,0.6705583756345177,0.00609137055837564,0.29375,0.011180339887498947,0.29874999999999996,0.004677071733467428
